﻿Name,Data,Hora de início,Hora de término,Status
Dia 03 - Revisar o conteúdo que eu já assisti e me preparar para a próxima semana,"Apr 01, 2020",19:00,22:00,Finalizado
Dia 02 - Iniciar o módulo 02,"Mar 31, 2020",19:00,22:00,Finalizado
Dia 01 - Aquecendo os motores,"Mar 30, 2020",19:00,22:00,Finalizado
Dia 04 - O foguete continua subindo 🚀,"Apr 02, 2020",19:00,21:00,Finalizado
Dia 05 - Finalizando bem a semana,"Apr 03, 2020",,,Finalizado
Dia 06 - Dia de prática!,"Apr 04, 2020",,,Pendente
Dia de descanso,"Mar 29, 2020",,,
,,,,
Início Nível 01,"Apr 06, 2020",21:00,11:00,Iniciado